shop_id,item_id,inventory_id,sku_info,genre_id,gn1,ran_code,attribute_id,attribute_name,attribute_value,attribute_unit,item_name,item_url,caption,pc_caption,image_url
100064,10002855,2af3944b-f07a-4a4a-9264-e5b8c11c9d8c,サイズ:M,502530,メンズファッション,0,36,カラー,グレー,,【販売終了しました】僕ビール君ビール かえるくんとおでかけスウェット 長袖 スウェット オリジナルグッズ かえる カエル グッズ よなよなエール ヤッホーブルーイング クラフトビール ビール グッズ,https://item.rakuten.co.jp/yonayona/50333078-s,,,http://thumbnail.image.rakuten.co.jp/@0_mall/yonayona/cabinet/goods/square_01.jpg
110026,10031745,39d4e0b2-771d-41da-9d27-ec7c3ff00ec2,カラー:ダークブラウン(DBR),409632,花・ガーデン・DIY,0,36,カラー,ダークブラウン,,天然木製ボックスベンチM 幅86【住まいスタイル】【送料無料 スツール 木製　椅子 収納 倉庫 ウッドボックス 物置 庭 物入れ ポリタンク 大容量 ガーデン 屋外 エクステリア ベンチストッカー 】,https://item.rakuten.co.jp/exis/bb-t86,■商品名 天然木製ボックスベンチM 幅86 ■カラー・型番 ダークブラウン…BB-T86DBR ライトブラウン…BB-T86LBR ■サイズ 本体：幅約860×奥行約435×高さ約510mm 有効内寸：幅約770×奥行約360×高さ約410mm ■重量 約11.4kg ■材質 天然木・PPシート ■仕上げ ステイン塗装 ■組立区分 組み立て式 ■組立目安時間 2人で20分,※北海道・沖縄・離島は別途送料が必要となります。【天然木製ボックスベンチM 幅86　ライトブラウン/ダークブラウン】売れに売れてるボックスベンチのデザインはそのままに、ポリタンクも収納できちゃう大容量サイズが新登場！カラーは、あたたかな質感が心地いいライトブラウンと、モダンで落ち着いた雰囲気のダークブラウンをご用意しました。,http://thumbnail.image.rakuten.co.jp/@0_mall/exis/cabinet/sst01/bb-t86.jpg
110068,10037262,218206,"カラー:赤
サイズ:100cm",207683,キッズ・ベビー・マタニティ,0,36,カラー,赤,,【ミキハウス公式ショップ】ミキハウス mikihouse ツインうさこ♪デニムジャンパースカート（100cm・110cm） キッズ 子供服 こども 女の子 フリル プレゼント ギフト,https://item.rakuten.co.jp/mikihouse/13-1801-565b,,※商品の質感・色は、お客様のご使用のモニターやブラウザなどの環境により、実物と異なる場合がございますので予めご了承ください。ラッピングについて サイズ一覧※完売しているサイズはリンクエラーになる場合がございます。 70-90cm　100-110cm 商品説明 ポケットにツインうさこの編みモチーフがついた、デニムジャンパースカートです。薄手のデニム素材なは、着やすく、季節の変わり目にも便利なアイテムです。・ダブルフリルにはドット柄の刺繍付き・胸元のプチリボンや肩ひもにフリルが付いて、女の子らしいデザイン・肩ひもは、2段階に調節可能・ハートのラメボタンがかわいいアクセント・後ろのファスナーで着脱 サイズについて サイズ 身幅 着丈 70 27 34 80 27 40 90 28 46 100 30 52 110 32 55 ※単位は(cm)です。 ※表示寸法は目安となっております。実際の商品の寸法とは若干差がある場合がございます。ご了承ください。 素材6オンスデニム品質綿100％生産国ベトナム（生地：日本製）検索ワード： co202504-c,http://thumbnail.image.rakuten.co.jp/@0_mall/mikihouse/cabinet/mh-rsf3/13-1801-565.jpg
110068,10049797,298098,"カラー:茶
サイズ:S(155-165cm)",303656,レディースファッション,0,36,カラー,茶,,【アウトレット】【ミキハウス公式ショップ】ミキハウス ダブルB mikihouse Tシャツ（大人用）〈S-L(155cm-185cm)〉 おとな用 レディース 男女兼用 半そで ペア リンクコーデ お揃い,https://item.rakuten.co.jp/mikihouse/60-5279-492,,価格について メーカー希望小売価格はメーカー商品タグに基づいて掲載しています ※商品の質感・色は、お客様のご使用のモニターやブラウザなどの環境により、実物と異なる場合がございますので予めご了承ください。 ラッピングについて 商品説明上質な素材とシンプルなデザインにこだわった「D-Basic」シリーズのボーダーTシャツ（半袖）大人用です。ダブルBのNEWアイコンのワッペンつき。茶×赤×白の変則ピッチの薄手Tシャツ。キッズアイテムと親子・兄弟ペアなどのリンクコーデがおすすめです。・肌触りや通気性のよい素材 サイズについて サイズ 身幅 着丈 袖丈 S(155-165cm) 50 62 17.5 M(165-175cm) 54 70 22 L(175-185cm) 57 75 22.5 ※単位は(cm)です。 ※表示寸法は目安となっております。実際の商品の寸法とは若干差がある場合がございます。ご了承ください。 素材40／2天竺ボーダー 品質綿 100％、（リブ部分） 綿 73％、複合繊維（ポリエステル） 27％ 生産国日本 検索ワード：,http://thumbnail.image.rakuten.co.jp/@0_mall/mikihouse/cabinet/db-rsf13/60-5279-492.jpg
110068,10050177,300752,"カラー:赤
サイズ:---",406984,キッチン用品・食器・調理器具,10010004549473828422,36,カラー,赤,,【ミキハウス公式ショップ】ミキハウス mikihouse ミキハウスベア ランチボックス（お弁当箱）（360ml） キッズ 子供用 幼稚園 保育園 通園 お弁当 男の子 女の子,https://item.rakuten.co.jp/mikihouse/15-4139-683,,※商品の質感・色は、お客様のご使用のモニターやブラウザなどの環境により、実物と異なる場合がございますので予めご了承ください。ラッピングについて商品説明 ※衛生用品のため、開封後のご返品は承ることが出来ません。予めご了承をお願いいたします。ランチグッズにベアシリーズが登場しました。両サイドに止め具がついたランチボックスです。シリーズで揃えて楽しいランチタイムをどうぞ。・シリコン製のパッキンがついているので、密閉性に優れており、汁もれしにくい・半分サイズの取り外し可能な中仕切りが2個入っていて、便利にお使いいただけます・ユニセックスでお使いいただけます・シリーズで集めたくなるストーリー性のあるデザイン※安全にお使いいただくために注意事項をご確認ください。いつでも参照できるように大切に保管してください。 仕様おなまえシール付きBPA FREE（ビスフェノールA 不使用）サイズについて容量：360ml素材（フタ）AS樹脂 （本体・仕切）ポリプロピレン （止具）ABS樹脂 （パッキン）シリコーンゴム 品質----- 生産国日本 検索ワード：プレゼント ギフト,http://thumbnail.image.rakuten.co.jp/@0_mall/mikihouse/cabinet/mh-rsf27/15-4139-683.jpg
110068,10050786,0fd64018-4606-4b73-a6ba-a121e9d84e49,"カラー:黄
サイズ:M(165-175cm)",403915,メンズファッション,0,36,カラー,黄,,＼2025新作／【ミキハウス公式ショップ】ミキハウス mikihouse 半袖ポロシャツ（大人用）＜S(155-165cm)・M(165-175cm)・L(175-185cm)＞ レディース 男女兼用 パパママ はんそで リンクコーデ 親子ペア,https://item.rakuten.co.jp/mikihouse/12-5571-142,,※商品の質感・色は、お客様のご使用のモニターやブラウザなどの環境により、実物と異なる場合がございますので予めご了承ください。ラッピングについて商品説明 夏らしいマリンテイストの大人用半袖ポロシャツです。紺のシルエットベアの刺繍は爽やかながら上品な雰囲気を演出します。衿と袖口の2本ラインもポイントになっています。・清涼感があるカノコ素材で、夏でも快適にご着用いただけます・夏のゴルフスタイルにもおすすめ・ポロシャツ（12-5501-143）と親子でお揃いを楽しめます 取り扱い方法【お取り扱いについて】この製品には、刺繍による肌あたりを軽減するため、あらかじめ当て布加工がされています。ただし、接着による加工は永久的なものではなく、着用・洗濯を繰り返すことにより剥離することがありますので、お取り扱いにはご注意ください。サイズについて サイズ 身幅 着丈 袖丈 S(155-165cm) 50 62 20.5 M(165-175cm) 55 68 23 L(175-185cm) 58.5 72 24 ※単位は(cm)です。 ※表示寸法は目安となっております。実際の商品の寸法とは若干差がある場合がございます。ご了承ください。 素材表カノコ品質綿 100％ （袖口リブ部分） 綿 97％、ナイロン 2％、ポリウレタン 1％生産国日本検索ワード： co202504-a,http://thumbnail.image.rakuten.co.jp/@0_mall/mikihouse/cabinet/mh-rsf29/12-5571-142.jpg
110068,10050814,a2842b87-6407-473f-b8a3-281e32419765,"カラー:黄
サイズ:フリー(46-54cm)",213882,スポーツ・アウトドア,0,36,カラー,黄,,＼2025新作／【ミキハウス公式ショップ】ミキハウス mikihouse ミキハウスベア スイムキャップ＜フリー（46cm-54cm）＞ ベビー キッズ 水泳 スイミング プール 男の子 女の子 UVカット 紫外線対策 水泳帽,https://item.rakuten.co.jp/mikihouse/12-9101-149,,※商品の質感・色は、お客様のご使用のモニターやブラウザなどの環境により、実物と異なる場合がございますので予めご了承ください。ラッピングについて商品説明 夏らしいデザインのベアたちがいっぱいなスイムキャップです。浮き輪やビーチボールを持ったミキハウスベアや、クジラやヒトデのデザインは夏のレジャーにピッタリ。後頭部には日よけカバーが付き、紫外線対策もバッチリです。・やわらかさのあるカラーで、ユニセックスでお使いいただけます・水着や水小物など、シリーズで合わせてミキハウスらしさを楽しめます 仕様紫外線遮蔽率(UVカット)90％以上お名前ネーム付き取り扱い方法【お取り扱い上のお願い】・すべり台等の強い摩擦で生地をいためることがありますのでご注意ください。特に生地表面が変化にとんだ素材やループ組織でデニム調を表現している素材はプールサイドでの摩擦にもご注意ください。・長時間、濡れたままビニール袋に入れておいたり、車の中に放置されますと、ゴムを弱めたり、色移りすることがありますので絶対にお避けください。・ストレッチ素材の場合は生地目に細かい砂が入って取りにくいことがあります。その際は乾いた状態で生地を伸ばして指先ではじくか、水で流したりして砂をおとりください。サイズについて素材2WAYトリコットプリント品質ポリエステル 87％、ポリウレタン 13％生産国日本,http://thumbnail.image.rakuten.co.jp/@0_mall/mikihouse/cabinet/mh-rsf29/12-9101-149.jpg
110068,10050858,166e5401-fd6d-4083-a491-df7756b43be9,"カラー:グレー
サイズ:23-25cm",566226,インナー・下着・ナイトウェア,0,36,カラー,グレー,,＼2025新作／【ミキハウス公式ショップ】ミキハウス ダブルB mikihouse ソックス（大人用）＜23cm-27cm＞ おとな用 レディース 男女兼用 ペア リンクコーデ お揃い 靴下 くつした 男の子 女の子,https://item.rakuten.co.jp/mikihouse/61-9602-145,,※商品の質感・色は、お客様のご使用のモニターやブラウザなどの環境により、実物と異なる場合がございますので予めご了承ください。ラッピングについて商品説明※衛生用品の為、開封後の返品は承ることが出来ません。あらかじめご了承をお願いいたします。『子どもの叶えたい夢』をテーマに憧れの仕事やスポーツ、キャラクターのユニフォームをまとって登場するシリーズ。左右で異なるキャラを使用した楽しい大人用ソックスです。後ろの人に全力アピールするかわいいデザインです。・後ろにモチーフを付けたデザイン・立体的な編み方でかかとを自然にホールドしてくれる快適なはき心地のYヒール構造仕様Yヒールサイズについて品質綿、ナイロン、ポリウレタン生産国日本検索ワード： co202504-d,http://thumbnail.image.rakuten.co.jp/@0_mall/mikihouse/cabinet/db-rsf14/61-9602-145.jpg
110073,10007310,0b132962-0d85-48bb-a0e8-310068c8315a,カラー:ネイビー(名入不可),403784,バッグ・小物・ブランド雑貨,10010004547484012151,36,カラー,ネイビー(名入不可),,オリーチェレザー バケッタレザー 名刺入れ カードケース ★イタリアを代表するレザー工房「ORICE」★ [父の日 ギフト 牛革 革 本革 名前入り 誕生日 プレゼント 名刺][名入れ無料][送料無料],https://item.rakuten.co.jp/glencheck/1127,オリーチェレザーカードケース[ORICE /オリーチェ] 商品名 オリーチェレザーカードケース 商品説明 イタリア・トスカーナ地方のタナリー『Orice（オリーチェ）社』によって植物タンニング法でなめされたレザーを使用したカードケース。名刺約50枚収納可能で内外に便利なカードポケットを6枚分搭載しています。 ブランド Orice/オリーチェ カラー ブラック（黒）、バーガンディ（赤紫色）、ゴールド（金） ブラウン（茶）、ネイビー（紺）、ダークブラウン（こげ茶） 素材 外側：牛革（イタリアンレザー） 内側：牛革（イタリアンレザー）、ポリエステル サイズ （約）縦7.5cm×横11cm×厚さ2cm 重さ （約）40g 製造 中国 仕様 内側：名刺入れ×1（約50枚収納可）、カードポケット×5 外側：カードポケット×1 付属品 ベジタブルタンニング協会認定証 特記事項 本商品は天然皮革本来の味わいを活かした素材を使用しています。そのため、シワやキズ、血筋が見られますが、そのナチュラルな風合いが 本製品の特長となっています。 水濡れや摩擦により色落ちすることがございますのでご注意ください。,メーカー希望小売価格はメーカーサイトに基づいて掲載しています。 ブランド・商品カテゴリ 名刺入れ カードケース カード入れ 小物入れ 多機能 牛革 革 革製品 オリーチェレザー イタリア製レザー バケッタレザー ベジタブルタンニング シンプル おしゃれ メンズ レディース ユニセックス 男性 女性 グレンチェック ラッピング無料 送料無料 ギフト プレゼント 贈り物 ランキング サービス 名入れ無料 ラッピング無料 送料無料 ギフト プレゼン ト贈り物 ランキング 記念日に 一粒万倍日 誕生日 お誕生日 バーズデー クリスマス クリスマスプレゼント バレンタイン バレンタインデー ホワイトデー 入学記念 卒業記念 結婚記念日 母の日 父の日 敬老の日 春夏秋冬 お祝いの記念品 入学祝い 卒業祝い 入社祝い 昇進祝い 昇格祝い 就任祝い 定年退職祝い　退職祝い 還暦祝い 金婚式 銀婚式 結婚祝い 結婚式 引き出物 引出物 景品 こんな時におすすめ おめでとう　おめでとうございます　ありがとう　ありがとうございます ごめんね 今までお世話になりました いままで お世話になりました これから よろしくお願いします 遅れてごめんね おくれてごめんね こんな方におすすめ 男の人 男性 おしゃれ男性 女の人 女性 おしゃれ女性 新入社員、新社会人 お父さん お母さん 奥さん 彼女 旦那さん 彼氏 兄弟 姉妹 子供 おばあちゃん おじいちゃん 中学生 高校生 大学生 先生 職場 先輩 後輩 同僚 10代 20代 30代 40代 50代 60代 還暦 70代 80代,http://thumbnail.image.rakuten.co.jp/@0_mall/glencheck/cabinet/shohin26/1127thum2412-01.jpg
110073,10016609,53540,"カラー:グレー
サイズ:フリー",403890,レディースファッション,0,36,カラー,グレー,,アルパカ メランジケーブル ベスト レディース[warawara/ワラワラ][送料無料],https://item.rakuten.co.jp/glencheck/3638,"ペルー製 アルパカ レディース メランジケーブル ベスト [warawara/ワラワラ] ケーブル編みなど切り替わる編み柄が秀逸 ペルーで大切に手編みされた、柔らかなアルパカのゆったりベスト ペルーのチチカカ湖ほとりの街プーノの地方で大切に手編みされた、ケーブル編みなど切り替わる編み柄が秀逸なゆったりベスト。糸は厳選された柔らかなアルパカの毛に強度をもたらすためウールを組み合わせ、着心地と強度を両立しています。当アイテムは全てが手編み。太番手の糸は家庭機にかからないため大事に手で編まれています。ケーブル編みなど編み柄を切り替えた豊かな表情が魅力。袖口がリブ編みでスクエア型なので、ゆったりした着心地です。 モデル身長163cm（フリーサイズ着用） メランジ（霜降り状）のPLOMO CLAROという糸を使用し、単色よりもケーブル編みの立体感が引き立ちます。 身体をゆったり包みヒップが隠れる長さなので、気になる下腹部やお尻もすっきり。 アルパカについて 【生息地と歴史】 主に南米のペルーやアルゼンチンなどの海抜3,500〜4,500メートルのアンデス山脈に生息するラクダ科の動物。 1日の寒暖差が50℃になることもあるような過酷な地域に生息し、プレインカ時代からその毛が利用されています。 【保温性】 生息するアンデス山脈の厳しい気候に対応するため、その毛には空洞があり空気を溜め込むので、断熱材としての働きがあり、中の熱を保ちます（保温性）。そのため、暖かさに優れています。 【特長】 繊維の長さは長く、手触りが滑らかでシルク（絹）のような光沢があります。 商品名 ペルー製 アルパカ レディース メランジケーブル ベスト ブランド warawara/ワラワラ 素材 アルパカ65％、ウール35％ サイズ（約） フリーサイズ：着丈68×胸囲102×裄丈27.5cm 適応身長：154〜162cm、バスト：79〜87cm 重量（約） 370g 製造 ペルー 特記事項 ハンガーに吊るさないで下さい。伸びる場合がございます。 詳しくはこちらをご確認ください。＞＞＞ 〈クリスマス クリスマスプレゼント 女性 妻 彼女 男性 彼氏 息子 高校生〉",,http://thumbnail.image.rakuten.co.jp/@0_mall/glencheck/cabinet/shohin18/3638thum.jpg
110073,10016627,53611,"カラー:ネイビー
サイズ:M",502534,メンズファッション,0,36,カラー,ネイビー,,ペルー製 手編み Gジャン型 アルパカ ブルゾン ジャケット カーディガン メンズ [warawara/ワラワラ][送料無料] [セール対象],https://item.rakuten.co.jp/glencheck/3634,"ペルー製 手編み Gジャン型 アルパカ ブルゾン [warawara/ワラワラ] Gジャンの完成系をモチーフにしたデザイン アウター使いできる着回し抜群のアルパカブルゾン ペルーのチチカカ湖ほとりの街プーノの地方で大切に編まれたアルパカブルゾン。 糸は厳選された柔らかなアルパカの毛に強度をもたらすためウールを組み合わせ、着心地と強度を両立しています。当アイテムは全てが手編み。太番手の糸は家庭機にかからないため大事に手で編まれています。 アルパカアイテムでは珍しいデザインなので独自性が高く、かつそのモチーフから着回しやすいアルパカブルゾンになりました。 男性モデル：184cm（Lサイズ着用） デニムの世界で著名な、1960年代に誕生したいわゆる3rdモデルと呼ばれるGジャンの完成系をベースにデザインされています。 艶のある木製の丸ボタンは、留めて着ても外して着ても、コーディネートを演出してくれます。 ポケットが2つあるので、ハンドウォーマーになったり小物が入れられたりと便利です。 アルパカについて 【生息地と歴史】 主に南米のペルーやアルゼンチンなどの海抜3,500〜4,500メートルのアンデス山脈に生息するラクダ科の動物。 1日の寒暖差が50℃になることもあるような過酷な地域に生息し、プレインカ時代からその毛が利用されています。 【保温性】 生息するアンデス山脈の厳しい気候に対応するため、その毛には空洞があり空気を溜め込むので、断熱材としての働きがあり、中の熱を保ちます（保温性）。そのため、暖かさに優れています。 【特長】 繊維の長さは長く、手触りが滑らかでシルク（絹）のような光沢があります。 Wara Wara/ワラワラ Wara Wara（ワラワラ）とは、ペルーとボリビアの公用語の一つであるアイマラ語で「リトル・スター」、小さな星という意味。アンデス地方のまさにこのニットを編んでいる人たちが毎夜見上げる美しい星々。これを思わせるブランド名です。ペルーにある標高3,800mのチチカカ湖のほとりの街、プーノ。Wara Waraブランドでは、この街と近辺の集落にいる編み子とウールやアルパカを用いたニットアイテムを長く作ってきています。週に一度、プーノ事務所の受け取り窓口には大切に編んだニットを手にした編み子が列を成し、検品を経て合格となれば賃金と交換、不合格となれば編み直しです。厳しい品質管理で生まれたアイテムが地球の反対側の日本に届けられています。 商品名 ペルー製 手編み Gジャン型 アルパカ ブルゾン ブランド warawara/ワラワラ 素材 アルパカ65％、ウール35％ サイズ（約） Mサイズ:着丈68　胸囲110　肩幅55　袖丈56cm 適応身長165-175 適応胸囲88-96cm Lサイズ:着丈70　胸囲114　肩幅57　袖丈57.5cm 適応身長175-185 適応胸囲96-104cm 重量（約） Mサイズ:600g Lサイズ:650g 製造 ペルー 特記事項 ハンガーに吊るさないで下さい。伸びる場合がございます。 詳しくはこちらをご確認ください。＞＞＞ 〈クリスマス クリスマスプレゼント 女性 妻 彼女 男性 彼氏 息子 高校生〉",メーカー希望小売価格はメーカーサイトに基づいて掲載しています。,http://thumbnail.image.rakuten.co.jp/@0_mall/glencheck/cabinet/shohin18/3634thum.jpg
